Epoch,Train Loss,Train Accuracy,Val Loss,Val Accuracy
1,4.631258673138088,0.78125,4.615497303009033,1.1627906976744187
