Epoch,Train Loss,Train Accuracy,Val Loss,Val Accuracy
1,6.953995148340861,0.10031960227272728,6.91718316078186,0.0010660980810234541
2,6.916549444198608,0.09765625,6.915050745010376,0.0
3,6.913429816563924,0.06510416666666666,6.912415504455566,0.0005330490405117271
